#,DomainName,DomainIPv6,WWWhostIPv6,MXIPv6,NSIPv6
1,google.com,1,1,1,0
2,facebook.com,1,1,0,0
3,youtube.com,1,1,1,0
4,yahoo.com,0,1,0,0
5,baidu.com,0,0,0,0
6,wikipedia.org,1,1,1,0
7,qq.com,0,0,0,0
8,live.com,0,0,0,1
9,taobao.com,0,0,0,0
10,linkedin.com,0,0,1,1
11,sina.com.cn,0,0,0,0
12,twitter.com,0,0,1,1
13,amazon.com,0,0,0,1
14,hao123.com,0,0,0,0
15,google.co.in,1,1,1,0
16,blogspot.com,1,1,0,0
17,weibo.com,0,0,0,0
18,163.com,0,0,0,0
19,wordpress.com,0,0,0,0
20,yahoo.co.jp,0,0,0,0
21,bing.com,0,0,0,0
22,tmall.com,0,0,0,0
23,360.cn,0,0,0,0
24,yandex.ru,0,0,1,1
25,vk.com,1,1,0,1
26,ebay.com,0,0,0,1
27,google.de,1,1,1,0
28,sohu.com,0,0,0,0
29,pinterest.com,0,0,1,0
30,ask.com,0,0,0,0
31,msn.com,0,0,0,1
32,google.co.uk,1,1,1,0
33,soso.com,0,0,0,0
34,google.fr,1,1,1,0
35,tumblr.com,0,0,1,1
36,google.co.jp,1,1,1,0
37,mail.ru,0,0,0,1
38,instagram.com,0,0,0,0
39,microsoft.com,0,0,0,1
40,google.com.br,1,1,1,0
41,xvideos.com,0,0,1,0
42,google.ru,1,1,1,0
43,paypal.com,0,0,0,1
44,imdb.com,0,0,0,1
45,apple.com,0,1,0,0
46,google.es,1,1,1,0
47,google.it,1,1,1,0
48,amazon.co.jp,0,0,0,1
49,craigslist.org,0,0,0,0
50,neobux.com,0,0,0,1
51,xhamster.com,0,0,1,0
52,imgur.com,0,0,1,1
53,google.com.hk,1,1,1,0
54,google.com.mx,1,1,1,0
55,ifeng.com,0,0,0,1
56,stackoverflow.com,0,0,1,0
57,bbc.co.uk,0,0,0,0
58,blogger.com,1,1,1,0
59,fc2.com,0,0,0,0
60,adobe.com,0,0,0,0
61,go.com,0,0,0,0
62,google.ca,1,1,1,0
63,cnn.com,0,0,0,1
64,reddit.com,0,0,1,1
65,adcash.com,0,0,1,1
66,people.com.cn,0,0,0,0
67,alipay.com,0,0,0,0
68,vube.com,0,0,1,0
69,conduit.com,0,0,0,1
70,odnoklassniki.ru,0,0,0,0
71,gmw.cn,0,0,0,0
72,wordpress.org,0,0,0,0
73,akamaihd.net,0,0,0,0
74,youku.com,0,0,0,0
75,t.co,0,0,0,1
76,googleusercontent.com,0,1,0,0
77,alibaba.com,0,0,0,0
78,huffingtonpost.com,0,0,0,1
79,aliexpress.com,0,0,0,0
80,google.com.tr,1,1,1,0
81,flickr.com,0,0,0,0
82,pornhub.com,0,0,0,0
83,ku6.com,0,0,0,0
84,godaddy.com,0,0,0,1
85,about.com,0,0,0,0
86,amazon.de,0,0,0,1
87,blogspot.in,1,1,0,0
88,ebay.de,0,0,0,1
89,google.com.au,1,1,1,0
90,thepiratebay.se,0,0,0,0
91,kickass.to,0,0,0,0
92,google.pl,1,1,1,0
93,netflix.com,0,1,1,1
94,bp.blogspot.com,0,0,0,0
95,espn.go.com,0,0,0,0
96,dailymotion.com,0,0,0,0
97,dailymail.co.uk,0,0,0,0
98,xinhuanet.com,0,0,0,0
99,rakuten.co.jp,0,0,0,1
100,vimeo.com,0,0,0,0
101,cnet.com,0,0,0,0
102,weather.com,0,0,1,0
103,indiatimes.com,0,0,0,1
104,xnxx.com,0,0,1,0
105,ebay.co.uk,0,0,0,1
106,amazon.co.uk,0,0,0,1
107,aol.com,0,1,0,0
108,youporn.com,0,0,0,1
109,redtube.com,0,0,1,1
110,themeforest.net,0,0,1,0
111,uol.com.br,1,1,0,0
112,google.com.sa,1,1,0,0
113,amazonaws.com,0,0,0,0
114,google.com.ar,1,1,1,0
115,secureserver.net,0,0,0,1
116,dropbox.com,0,0,1,0
117,google.com.eg,1,1,0,0
118,adf.ly,0,0,0,1
119,livejasmin.com,0,0,0,0
120,nytimes.com,0,0,1,1
121,china.com,0,0,0,0
122,globo.com,0,0,1,1
123,slideshare.net,0,0,1,1
124,pixnet.net,0,0,1,1
125,ameblo.jp,0,0,0,0
126,google.nl,1,1,1,0
127,booking.com,0,0,0,0
128,google.com.pk,1,1,1,0
129,mozilla.org,1,1,0,1
130,wikimedia.org,1,1,1,0
131,deviantart.com,0,0,1,1
132,buzzfeed.com,0,0,1,0
133,wikia.com,0,0,0,1
134,directrev.com,0,0,1,0
135,google.com.tw,1,1,0,0
136,fiverr.com,0,0,1,1
137,livejournal.com,0,0,0,0
138,sogou.com,0,0,0,0
139,blogfa.com,0,0,0,0
140,yelp.com,0,0,1,1
141,hootsuite.com,0,0,1,0
142,outbrain.com,0,0,1,1
143,etsy.com,0,0,1,1
144,google.co.th,1,1,0,0
145,flipkart.com,1,1,1,1
146,wikihow.com,0,0,1,1
147,badoo.com,0,0,0,0
148,google.co.za,1,1,1,0
149,livedoor.com,0,0,0,1
150,m2newmedia.com,0,0,1,1
151,avg.com,0,0,0,1
152,4shared.com,0,0,0,0
153,stumbleupon.com,0,0,1,1
154,torrentz.eu,0,0,0,0
155,forbes.com,0,0,0,1
156,mediafire.com,0,0,1,0
157,soundcloud.com,0,0,1,1
158,w3schools.com,0,0,1,0
159,china.com.cn,0,0,0,0
160,ask.fm,0,0,1,0
161,bankofamerica.com,0,0,0,0
162,files.wordpress.com,0,0,0,0
163,sourceforge.net,0,0,0,1
164,google.co.ve,1,1,0,0
165,archive.org,0,0,0,1
166,addthis.com,0,0,1,1
167,sharelive.net,0,0,0,1
168,theguardian.com,0,0,0,1
169,liveinternet.ru,0,0,1,0
170,foxnews.com,0,0,0,1
171,aweber.com,0,0,0,0
172,chase.com,0,0,0,0
173,indeed.com,0,0,1,1
174,softonic.com,0,0,0,0
175,hostgator.com,0,0,0,1
176,clkmon.com,0,0,1,1
177,jd.com,0,0,0,0
178,skype.com,0,0,0,1
179,salesforce.com,0,0,0,1
180,google.gr,1,1,1,0
181,gameforge.com,0,0,0,0
182,answers.com,0,0,0,1
183,google.co.id,1,1,0,0
184,statcounter.com,0,0,0,1
185,google.com.co,1,1,0,0
186,naver.com,0,0,0,0
187,bet365.com,0,0,0,1
188,github.com,0,0,1,1
189,tube8.com,0,0,0,0
190,allegro.pl,0,0,0,0
191,nicovideo.jp,0,0,0,0
192,google.be,1,1,1,0
193,google.com.vn,1,1,1,0
194,onet.pl,0,0,0,1
195,spiegel.de,0,0,0,1
196,reference.com,0,0,0,0
197,espncricinfo.com,0,0,0,0
198,it168.com,0,0,0,0
199,walmart.com,0,0,0,1
200,pcpop.com,0,0,0,0
201,google.com.ua,1,1,1,0
202,google.com.ng,1,1,0,0
203,stackexchange.com,0,0,1,0
204,java.com,0,1,0,1
205,media.tumblr.com,0,0,0,0
206,goo.ne.jp,0,0,0,0
207,wellsfargo.com,0,0,0,0
208,so.com,0,0,0,0
209,babylon.com,0,0,0,1
210,39.net,0,0,0,0
211,gamer.com.tw,0,0,1,0
212,tripadvisor.com,0,0,0,1
213,photobucket.com,0,0,0,1
214,bild.de,0,0,0,0
215,mashable.com,0,0,1,1
216,mailchimp.com,0,0,1,1
217,zillow.com,0,0,0,1
218,google.ro,1,1,1,0
219,thefreedictionary.com,0,0,1,0
220,warriorforum.com,0,0,0,1
221,wix.com,0,0,1,1
222,rutracker.org,0,0,0,0
223,google.se,1,1,1,0
224,naver.jp,0,0,0,0
225,loading-delivery1.com,0,0,0,0
226,ups.com,0,0,0,1
227,zedo.com,0,0,1,1
228,wsj.com,0,0,0,0
229,weebly.com,0,0,1,1
230,shutterstock.com,0,0,1,1
231,popads.net,0,0,1,1
232,google.dz,1,1,0,0
233,developunit.info,0,0,0,1
234,wordreference.com,0,0,1,1
235,leboncoin.fr,0,0,0,0
236,telegraph.co.uk,0,0,0,1
237,taringa.net,0,0,1,0
238,google.at,1,1,1,0
239,bleacherreport.com,0,0,0,0
240,pandora.com,0,0,0,1
241,amazon.fr,0,0,0,1
242,goodreads.com,0,0,1,1
243,google.com.ph,1,1,1,0
244,ikea.com,0,0,0,0
245,gmx.net,0,0,0,1
246,kaskus.co.id,0,0,0,0
247,ucoz.ru,0,0,0,0
248,rediff.com,0,0,0,1
249,tianya.cn,0,0,0,0
250,dmm.co.jp,0,0,0,0
251,xcar.com.cn,0,0,0,0
252,baomihua.com,0,0,0,0
253,huanqiu.com,0,0,0,0
254,goal.com,0,0,1,0
255,google.com.pe,1,1,1,0
256,usps.com,0,1,0,0
257,ettoday.net,0,0,0,0
258,rambler.ru,0,0,0,1
259,hurriyet.com.tr,0,0,0,0
260,php.net,0,0,0,0
261,delta-search.com,0,0,1,1
262,wp.pl,0,0,0,1
263,google.ch,1,1,1,0
264,comcast.net,0,1,1,1
265,businessinsider.com,0,0,1,1
266,ndtv.com,0,0,0,1
267,nbcnews.com,0,0,0,0
268,pchome.net,0,0,0,0
269,google.cl,1,1,0,0
270,uploaded.net,0,0,0,1
271,chinaz.com,0,0,0,0
272,domaintools.com,0,0,1,1
273,9gag.com,0,0,1,0
274,avito.ru,0,0,1,1
275,usatoday.com,0,0,0,1
276,moz.com,0,0,1,1
277,extratorrent.cc,0,0,1,1
278,thefreecamsecret.com,0,0,0,0
279,samsung.com,0,0,0,0
280,fedex.com,0,0,0,1
281,google.com.bd,1,1,0,0
282,google.pt,1,1,1,0
283,google.com.sg,1,1,0,0
284,4dsply.com,0,0,0,0
285,web.de,0,0,0,1
286,enet.com.cn,0,0,0,0
287,ehow.com,0,0,0,1
288,bitauto.com,0,0,0,0
289,xywy.com,0,0,0,0
290,goodgamestudios.com,0,0,1,0
291,orange.fr,0,1,0,0
292,yesky.com,0,0,0,0
293,hp.com,0,0,0,0
294,codecanyon.net,0,0,1,0
295,quikr.com,0,0,1,1
296,disqus.com,0,0,1,1
297,olx.in,0,0,0,1
298,milliyet.com.tr,0,0,0,0
299,mercadolivre.com.br,0,0,1,0
300,google.ae,1,1,1,0
301,amazon.cn,0,0,0,0
302,qtrax.com,0,1,0,0
303,free.fr,1,1,0,1
304,iqiyi.com,0,0,0,0
305,bitly.com,0,0,1,1
306,snapdo.com,0,0,0,1
307,snapdeal.com,0,0,1,1
308,caijing.com.cn,0,0,0,0
309,libero.it,0,0,0,0
310,twitch.tv,0,0,1,1
311,bestbuy.com,0,0,0,1
312,onclickads.net,0,0,0,1
313,washingtonpost.com,0,0,0,1
314,varzesh3.com,0,0,0,0
315,mobile01.com,0,0,1,0
316,google.cz,1,1,0,0
317,chaturbate.com,0,0,0,1
318,scribd.com,0,0,1,1
319,constantcontact.com,0,0,0,1
320,viralnova.com,0,0,0,1
321,in.com,0,0,0,0
322,coccoc.com,0,0,0,0
323,mywebsearch.com,0,0,0,0
324,detik.com,0,0,1,1
325,hulu.com,0,0,0,1
326,motherless.com,0,0,0,0
327,nba.com,0,0,0,0
328,speedtest.net,0,0,0,1
329,meetup.com,0,0,0,1
330,clickbank.com,0,0,0,0
331,nih.gov,0,0,1,1
332,hardsextube.com,0,0,0,0
333,accuweather.com,0,0,0,0
334,webmd.com,0,0,0,1
335,putlocker.com,0,0,0,1
336,beeg.com,0,0,1,0
337,youjizz.com,0,0,0,0
338,tmz.com,0,0,0,0
339,intuit.com,0,0,0,0
340,americanexpress.com,0,0,0,1
341,marca.com,1,1,0,1
342,eazel.com,0,0,0,1
343,jrj.com.cn,0,0,0,0
344,xing.com,0,0,0,1
345,yandex.ua,0,0,1,1
346,histats.com,0,0,0,1
347,tagged.com,0,0,1,0
348,intoday.in,0,0,1,0
349,myntra.com,0,0,1,1
350,nfl.com,0,0,0,1
351,gsmarena.com,0,0,0,0
352,infusionsoft.com,0,0,0,0
353,bluehost.com,0,0,1,0
354,bloomberg.com,0,0,0,1
355,google.co.hu,1,1,1,0
356,ebay.in,0,0,0,1
357,microsoftonline.com,0,0,0,0
358,cnzz.com,0,0,0,0
359,kooora.com,0,0,0,0
360,reuters.com,0,0,0,0
361,zimbio.com,0,0,1,0
362,cj.com,0,0,0,0
363,zendesk.com,0,0,1,1
364,time.com,0,0,0,1
365,siteadvisor.com,0,0,0,1
366,bbc.com,0,0,0,0
367,hdfcbank.com,1,1,0,0
368,zippyshare.com,0,0,0,1
369,google.no,1,1,0,0
370,elpais.com,0,0,0,0
371,target.com,0,0,0,1
372,pof.com,0,0,1,1
373,aili.com,0,0,0,0
374,ign.com,0,0,0,1
375,adnxs.com,0,0,0,0
376,douban.com,0,0,1,0
377,seznam.cz,1,1,0,1
378,daum.net,0,1,0,0
379,kakaku.com,0,0,0,1
380,google.ie,1,1,1,0
381,google.co.kr,1,1,1,0
382,google.cn,1,1,1,0
383,ci123.com,0,0,0,0
384,hudong.com,0,0,0,0
385,feedly.com,0,0,1,1
386,google.az,1,1,0,0
387,dell.com,0,0,0,0
388,techcrunch.com,0,0,0,0
389,ero-advertising.com,0,0,0,0
390,rt.com,0,0,1,0
391,ebay.com.au,0,0,0,1
392,force.com,0,0,0,1
393,getresponse.com,0,0,0,0
394,ad6media.fr,0,0,0,0
395,ebay.it,0,0,0,1
396,ameba.jp,0,0,0,1
397,groupon.com,0,0,0,1
398,odesk.com,0,0,1,0
399,xe.com,0,0,0,0
400,doorblog.jp,0,0,0,0
401,mama.cn,0,0,0,0
402,tinyurl.com,0,0,1,0
403,uimserv.net,0,0,0,1
404,list-manage.com,0,0,0,1
405,naukri.com,0,0,0,0
406,repubblica.it,0,0,0,0
407,lpcloudsvr302.com,0,0,1,0
408,qvo6.com,0,0,0,1
409,t-online.de,1,1,0,1
410,blogspot.de,1,1,0,0
411,ck101.com,0,0,1,1
412,youdao.com,0,0,0,0
413,empowernetwork.com,0,0,1,0
414,adrotator.se,0,0,1,1
415,w3.org,0,0,1,1
416,lady8844.com,0,0,0,0
417,gazeta.pl,0,0,1,0
418,amazon.in,0,0,0,1
419,cloudfront.net,0,0,0,0
420,istockphoto.com,0,0,0,1
421,jabong.com,0,0,1,1
422,twoo.com,0,0,1,1
423,kinopoisk.ru,0,0,1,1
424,subscene.com,0,0,1,0
425,xgo.com.cn,0,0,0,0
426,upworthy.com,0,0,1,0
427,drudgereport.com,0,0,0,0
428,elmundo.es,1,1,0,1
429,justdial.com,0,0,0,1
430,google.dk,1,1,1,0
431,lenovo.com,0,0,0,0
432,habrahabr.ru,0,0,1,0
433,google.co.il,1,1,1,0
434,capitalone.com,0,0,0,0
435,joomla.org,0,0,1,0
436,flipora.com,0,0,1,1
437,yaolan.com,0,0,0,0
438,jimdo.com,0,0,1,0
439,match.com,0,0,0,1
440,latimes.com,0,0,0,0
441,icicibank.com,0,0,0,0
442,systweak.com,0,0,0,0
443,zing.vn,0,0,0,0
444,webcrawler.com,0,0,0,0
445,webmoney.ru,0,0,0,0
446,55bbs.com,0,0,0,0
447,doubleclick.com,1,1,1,0
448,irctc.co.in,0,0,0,0
449,quora.com,0,0,1,1
450,goo.gl,1,1,0,0
451,okcupid.com,0,0,1,0
452,blackhatworld.com,0,0,0,0
453,retailmenot.com,0,0,0,0
454,fbcdn.net,1,1,0,0
455,google.fi,1,1,1,0
456,babytree.com,0,0,0,0
457,pch.com,0,0,0,0
458,ig.com.br,0,0,0,1
459,eyny.com,0,0,0,0
460,nydailynews.com,0,0,0,0
461,sahibinden.com,0,0,0,0
462,issuu.com,0,0,1,0
463,att.com,1,1,0,0
464,lifehacker.com,0,0,1,1
465,informer.com,0,0,1,1
466,engadget.com,0,0,0,1
467,mercadolibre.com.ar,0,0,1,0
468,elance.com,0,0,0,1
469,doublepimp.com,0,0,0,0
470,freelancer.com,0,0,1,0
471,amazon.it,0,0,0,1
472,xda-developers.com,0,0,1,0
473,lenta.ru,0,0,0,1
474,cntv.cn,0,0,0,0
475,commentcamarche.net,0,0,1,1
476,probux.com,0,0,0,0
477,surveymonkey.com,0,0,0,1
478,blogspot.ru,1,1,0,0
479,123rf.com,0,0,1,0
480,exoclick.com,0,0,0,1
481,ning.com,0,0,0,0
482,teensdigest.com,0,0,0,1
483,chip.de,0,0,0,1
484,ce.cn,0,0,0,0
485,typepad.com,0,0,0,0
486,youm7.com,1,1,1,1
487,rapidgator.net,0,0,1,0
488,gutefrage.net,0,0,0,0
489,newegg.com,0,0,0,1
490,adultfriendfinder.com,0,0,0,1
491,pixiv.net,0,0,0,0
492,foursquare.com,0,0,1,0
493,hypergames.net,0,0,0,0
494,iminent.com,0,0,1,1
495,taleo.net,0,0,0,0
496,abcnews.go.com,0,0,0,0
497,google.com.my,1,1,1,0
498,webs.com,0,0,0,0
499,shareasale.com,0,0,0,0
500,digg.com,0,0,1,0
501,backpage.com,0,0,1,0
502,life.com.tw,0,0,0,1
503,onlinesbi.com,0,0,0,0
504,2ch.net,0,0,1,0
505,swagbucks.com,0,0,1,0
506,oracle.com,0,0,0,0
507,myfreecams.com,0,0,0,0
508,lefigaro.fr,0,0,0,1
509,clixsense.com,0,0,0,1
510,sberbank.ru,0,0,0,0
511,narod.ru,0,0,0,0
512,mercadolibre.com.mx,0,0,1,0
513,expedia.com,0,0,0,1
514,seesaa.net,0,0,0,0
515,homedepot.com,0,0,0,0
516,lemonde.fr,0,0,0,0
517,zeobit.com,0,0,0,0
518,trulia.com,0,0,0,1
519,hatena.ne.jp,0,0,0,0
520,steampowered.com,0,0,0,0
521,pcbaby.com.cn,0,0,0,0
522,bodybuilding.com,0,0,0,0
523,corriere.it,0,0,0,0
524,imageshack.us,0,0,1,0
525,optmd.com,0,0,0,1
526,livescore.com,0,0,0,0
527,terra.com.br,0,1,0,1
528,beva.com,0,0,0,0
529,google.sk,1,1,1,0
530,examiner.com,0,0,1,1
531,tudou.com,0,0,0,0
532,vnexpress.net,0,0,0,0
533,mysearchresults.com,0,0,0,1
534,wimp.com,0,0,0,1
535,shaadi.com,0,0,0,0
536,gizmodo.com,0,0,1,1
537,mysearchdial.com,0,0,1,0
538,semrush.com,0,0,1,0
539,battle.net,0,0,0,1
540,thehumanallegiance.com,0,0,0,0
541,who.is,0,0,1,0
542,amazon.es,0,0,0,1
543,rbc.ru,0,0,0,0
544,eonline.com,0,0,0,1
545,fotolia.com,0,0,0,1
546,opensiteexplorer.org,0,0,0,0
547,timeanddate.com,0,0,0,1
548,hubpages.com,0,0,1,0
549,linkbucks.com,0,0,0,0
550,altervista.org,0,0,0,0
551,haber7.com,0,0,0,0
552,tokobagus.com,0,0,1,0
553,searchengines.ru,0,0,1,1
554,mpnrs.com,0,0,0,0
555,gc.ca,0,0,0,1
556,soku.com,0,0,0,0
557,liveleak.com,0,0,0,0
558,blogspot.jp,1,1,0,0
559,2345.com,0,0,0,0
560,oneindia.in,0,1,1,0
561,pcgames.com.cn,0,0,0,0
562,ya.ru,0,0,1,1
563,kijiji.ca,0,0,0,0
564,foxsports.com,0,0,0,1
565,mihanblog.com,0,0,0,0
566,jqw.com,0,0,0,0
567,ixxx.com,0,0,0,0
568,kickstarter.com,0,0,1,0
569,chexun.com,0,0,0,0
570,inspsearch.com,0,0,0,0
571,gotomeeting.com,0,0,0,0
572,drtuber.com,0,0,0,0
573,marketwatch.com,0,0,0,0
574,hubspot.com,0,0,0,1
575,abril.com.br,0,0,0,0
576,citibank.com,0,0,0,0
577,ebay.fr,0,0,0,1
578,theblaze.com,0,0,0,1
579,monster.com,0,0,0,0
580,github.io,0,0,0,1
581,rednet.cn,0,0,0,0
582,ca.gov,0,0,0,0
583,movie4k.to,0,0,0,1
584,suning.com,0,0,0,0
585,anonym.to,0,0,1,0
586,steamcommunity.com,0,0,0,0
587,mobile.de,1,1,1,1
588,moneycontrol.com,0,0,1,1
589,twimg.com,0,0,0,1
590,allrecipes.com,0,0,0,0
591,wunderground.com,0,0,1,1
592,houzz.com,0,0,1,1
593,facenama.com,0,0,0,0
594,verizonwireless.com,0,0,0,0
595,taboola.com,0,0,1,1
596,voc.com.cn,0,0,0,0
597,cbslocal.com,0,0,1,0
598,outlook.com,0,0,0,1
599,cracked.com,0,0,0,1
600,urbandictionary.com,0,0,1,0
601,irs.gov,0,1,1,1
602,tabelog.com,0,0,0,1
603,mihanwebads.com,0,0,0,0
604,cy-pr.com,0,0,1,0
605,wiktionary.org,1,1,1,0
606,bhaskar.com,0,0,0,1
607,4399.com,0,0,0,0
608,citrixonline.com,0,0,0,0
609,gismeteo.ru,0,0,1,0
610,mp3skull.com,0,0,1,0
611,filehippo.com,0,0,1,1
612,turbobit.net,0,0,0,0
613,etao.com,0,0,0,0
614,cnbc.com,0,0,0,1
615,free-tv-video-online.me,0,0,0,1
616,azlyrics.com,0,0,0,1
617,softpedia.com,0,0,0,1
618,plugrush.com,0,0,1,0
619,over-blog.com,0,0,1,0
620,hotels.com,0,0,0,1
621,farsnews.com,0,0,0,0
622,website-unavailable.com,0,0,0,0
623,slickdeals.net,0,0,1,0
624,r10.net,0,0,0,1
625,scoop.it,0,0,1,1
626,agoda.com,0,0,0,1
627,yellowpages.com,0,0,0,0
628,lanacion.com.ar,0,0,0,0
629,persianblog.ir,0,0,0,0
630,google.com.kw,1,1,0,0
631,ashleyrnadison.com,0,0,0,0
632,sakura.ne.jp,0,0,0,0
633,focus.de,0,0,0,0
634,tomshardware.com,0,0,0,0
635,npr.org,0,0,0,0
636,sape.ru,0,0,0,0
637,youboy.com,0,0,0,0
638,gawker.com,0,0,1,1
639,nifty.com,1,1,0,0
640,coupons.com,0,0,0,1
641,ancestry.com,0,0,0,0
642,likes.com,0,0,1,1
643,clarin.com,0,0,0,1
644,virgilio.it,0,0,0,0
645,linksynergy.com,0,0,0,0
646,mirror.co.uk,0,0,0,0
647,mynet.com,0,0,0,0
648,nationzoom.com,0,0,0,1
649,independent.co.uk,0,0,0,0
650,templatemonster.com,0,0,0,1
651,amung.us,0,0,1,0
652,behance.net,0,0,1,1
653,b5m.com,0,0,0,0
654,asos.com,0,0,0,0
655,yoka.com,0,0,0,0
656,evernote.com,0,0,1,1
657,v1.cn,0,0,0,0
658,duckduckgo.com,0,0,0,1
659,jquery.com,0,0,1,1
660,acesse.com,0,0,0,0
661,europa.eu,1,1,0,0
662,hidemyass.com,0,0,1,0
663,openadserving.com,0,0,0,1
664,google.lk,1,1,0,0
665,kompas.com,0,0,0,0
666,sex.com,1,1,0,0
667,hespress.com,0,0,1,1
668,southwest.com,0,0,0,0
669,shopclues.com,0,0,0,0
670,jobrapido.com,0,0,0,1
671,howstuffworks.com,0,0,0,0
672,custhelp.com,0,0,0,0
673,yandex.com.tr,0,0,1,1
674,haberturk.com,0,0,0,0
675,overstock.com,0,0,0,1
676,privatehomeclips.com,0,0,0,1
677,macys.com,0,0,0,1
678,z5x.net,0,0,0,1
679,pr-cy.ru,0,0,1,0
680,allocine.fr,0,0,1,0
681,eastday.com,0,0,0,0
682,ouedkniss.com,0,0,1,0
683,onlylady.com,0,0,0,0
684,google.bg,1,1,0,0
685,cpmterra.com,0,0,0,0
686,majesticseo.com,0,0,0,0
687,fhserve.com,0,0,0,0
688,ilyke.net,0,0,0,1
689,dict.cc,0,0,0,0
690,lapatilla.com,0,0,1,1
691,ctrip.com,0,0,0,0
692,chron.com,0,0,0,0
693,google.kz,1,1,1,0
694,rottentomatoes.com,0,0,0,0
695,stockstar.com,0,0,0,0
696,viadeo.com,0,0,1,0
697,tradedoubler.com,0,0,0,0
698,mega.co.nz,1,1,1,1
699,dreamstime.com,0,0,0,0
700,12306.cn,0,0,0,0
701,searchfun.in,0,0,0,1
702,wired.com,0,0,0,1
703,chinabyte.com,0,0,0,0
704,rutor.org,1,1,0,1
705,leo.org,0,0,0,0
706,addmefast.com,0,0,1,0
707,m-w.com,0,0,0,0
708,interia.pl,0,0,0,0
709,ccb.com,0,0,0,0
710,immobilienscout24.de,0,0,0,0
711,traidnt.net,0,0,0,1
712,gamefaqs.com,0,0,0,0
713,slate.com,0,0,0,0
714,skysports.com,0,0,0,0
715,lequipe.fr,0,0,0,0
716,glassdoor.com,0,0,0,0
717,nordstrom.com,0,0,0,0
718,vk.me,1,1,0,1
719,espnfc.com,0,0,0,0
720,bankmellat.ir,0,0,0,0
721,pornhublive.com,0,0,0,0
722,realtor.com,0,0,0,0
723,google.co.nz,1,1,1,0
724,zanox.com,0,0,0,0
725,jvzoo.com,0,0,0,0
726,tutsplus.com,0,0,1,1
727,youtube-mp3.org,1,1,1,0
728,subito.it,0,0,0,0
729,google.com.ec,1,1,1,0
730,linternaute.com,0,0,1,1
731,mercadolibre.com.ve,0,0,1,0
732,tabnak.ir,0,0,0,0
733,sears.com,0,0,0,1
734,yandex.kz,0,0,1,1
735,priceline.com,0,0,0,1
736,news.com.au,0,0,0,1
737,ovh.net,0,0,0,1
738,fool.com,0,0,0,0
739,hupu.com,0,0,0,0
740,sfgate.com,0,0,0,0
741,all-free-download.com,0,0,1,1
742,klikbca.com,0,0,0,1
743,fatakat.com,0,0,1,1
744,oyunskor.com,0,0,1,1
745,wenku.baidu.com/user/reg,0,0,0,0
746,indianrail.gov.in,0,0,0,0
747,cbssports.com,0,0,0,0
748,bloglovin.com,0,0,1,1
749,wideinfo.org,0,0,0,1
750,porn.com,0,0,0,0
751,youth.cn,0,0,0,0
752,spankwire.com,0,0,0,1
753,sulekha.com,0,0,0,0
754,weheartit.com,0,0,1,1
755,mystart.com,0,0,0,0
756,17ok.com,0,0,0,0
757,pixlr.com,0,0,1,1
758,graphicriver.net,0,0,1,0
759,kayak.com,0,0,1,1
760,nhl.com,0,0,0,1
761,as.com,0,0,0,0
762,amazon.ca,0,0,0,1
763,letitbit.net,0,0,0,0
764,milanuncios.com,0,0,1,0
765,xtube.com,0,0,0,1
766,sapo.pt,1,1,0,1
767,biglobe.ne.jp,1,0,0,0
768,theverge.com,0,0,1,1
769,styletv.com.cn,0,0,0,0
770,airtel.in,1,1,0,1
771,renren.com,0,0,0,0
772,foodnetwork.com,0,0,0,1
773,linkwithin.com,0,0,0,1
774,babycenter.com,0,0,0,1
775,24h.com.vn,0,0,0,0
776,myegy.com,0,0,1,1
777,searchengineland.com,0,0,0,0
778,reverso.net,0,0,0,0
779,prntscr.com,0,0,1,1
780,nuvid.com,0,0,0,0
781,leadpages.net,0,0,1,1
782,ezinearticles.com,0,0,0,0
783,zappos.com,0,0,0,1
784,jeuxvideo.com,0,0,0,0
785,imagebam.com,0,0,1,1
786,biblegateway.com,0,0,0,0
787,rightmove.co.uk,0,0,0,0
788,gateable.com,0,0,1,1
789,worldstarhiphop.com,0,0,1,1
790,cam4.com,0,0,0,1
791,google.com.do,1,1,0,0
792,nerdbux.com,0,0,0,1
793,yify-torrents.com,1,1,0,1
794,bestblackhatforum.com,0,0,0,0
795,zoho.com,0,0,0,0
796,squarespace.com,0,0,1,1
797,9gag.tv,0,0,0,0
798,keepvid.com,0,0,0,1
799,box.com,0,0,0,1
800,streamcloud.eu,0,0,0,0
801,idnes.cz,0,0,0,0
802,people.com,0,0,0,1
803,squidoo.com,0,0,1,0
804,hongkiat.com,0,0,1,0
805,51fanli.com,0,0,0,0
806,largeporntube.com,0,0,0,0
807,ppstream.com,0,0,0,0
808,welt.de,0,0,0,0
809,ehowenespanol.com,0,0,0,0
810,ucoz.com,0,0,0,0
811,gstatic.com,1,1,0,0
812,entrepreneur.com,0,0,1,0
813,gap.com,0,0,0,1
814,india.com,0,0,0,1
815,22find.com,0,0,0,1
816,xunlei.com,0,0,0,0
817,google.rs,1,1,0,0
818,wmmail.ru,0,0,0,0
819,nikkei.com,0,0,0,1
820,pcmag.com,0,0,0,0
821,gulfup.com,0,0,0,0
822,flirt4free.com,0,0,0,1
823,digitalpoint.com,0,0,1,0
824,prestashop.com,0,0,1,1
825,deezer.com,0,0,1,0
826,usmagazine.com,0,0,0,0
827,careerbuilder.com,0,0,0,0
828,childsafedownloadx.asia,0,0,0,1
829,today.com,0,0,0,0
830,leagueoflegends.com,0,0,0,0
831,staples.com,0,0,0,1
832,heise.de,1,1,1,0
833,inbox.com,0,0,0,1
834,aparat.com,0,0,0,0
835,magentocommerce.com,0,0,0,1
836,58.com,0,0,0,0
837,keezmovies.com,0,0,0,0
838,digikala.com,0,0,0,0
839,logmein.com,0,0,0,0
840,whitepages.com,0,0,0,1
841,bravotube.net,0,0,1,0
842,ibm.com,0,0,0,1
843,viooz.co,0,0,0,1
844,ted.com,0,0,1,0
845,indiamart.com,0,0,1,0
846,jobfindgold.info,0,0,0,1
847,weather.gov,0,0,0,1
848,watchseries.lt,0,0,0,1
849,payoneer.com,0,0,0,1
850,ahrefs.com,0,0,1,1
851,sfr.fr,0,0,0,0
852,wiocha.pl,0,0,0,0
853,verizon.com,0,0,0,1
854,cnmo.com,0,0,0,0
855,barnesandnoble.com,0,0,0,0
856,seekingalpha.com,0,0,1,1
857,disney.go.com,0,0,0,0
858,screencast.com,0,0,0,0
859,autohome.com.cn,0,0,0,0
860,icicibank.co.in,0,0,0,0
861,dmoz.org,0,0,0,0
862,315che.com,0,0,0,0
863,lotour.com,0,0,0,1
864,cdiscount.com,0,0,0,0
865,nokia.com,0,0,0,1
866,woorank.com,0,0,1,1
867,google.com.ly,1,1,1,0
868,6.cn,0,0,0,0
869,smh.com.au,0,0,0,1
870,postimg.org,0,0,1,1
871,manta.com,0,0,0,0
872,fotostrana.ru,0,0,0,0
873,delta.com,0,0,0,0
874,telexfree.com,0,0,1,1
875,united.com,0,0,0,0
876,noticias24.com,0,0,1,0
877,mackolik.com,0,0,1,0
878,premierleague.com,0,0,0,1
879,google.hr,1,1,0,0
880,eventbrite.com,0,0,1,0
881,1und1.de,0,0,0,1
882,52pk.net,0,0,0,0
883,dmm.com,0,0,0,0
884,anysex.com,0,0,0,0
885,mapquest.com,0,1,0,0
886,bhphotovideo.com,0,0,0,0
887,vice.com,0,0,1,0
888,gumtree.com,0,0,0,0
889,pantip.com,0,0,0,0
890,dx.com,0,0,0,1
891,sitepoint.com,0,0,1,1
892,novinky.cz,1,1,0,1
893,kioskea.net,0,0,1,1
894,basecamp.com,0,0,0,1
895,shopify.com,0,0,1,1
896,wetransfer.com,0,0,0,1
897,webhostingtalk.com,0,0,0,0
898,primewire.ag,0,0,0,1
899,dealfish.co.th,0,0,1,0
900,feedburner.com,1,1,1,0
901,myspace.com,0,0,0,1
902,android.com,1,1,1,0
903,nouvelobs.com,0,0,0,1
904,chinatimes.com,0,0,0,0
905,prothom-alo.com,0,0,0,1
906,maktoob.com,0,0,0,0
907,ebay.es,0,0,0,1
908,nairaland.com,0,0,0,1
909,ad4game.com,0,0,1,1
910,qinbei.com,0,0,0,0
911,thehindu.com,0,0,0,0
912,makemytrip.com,0,0,0,1
913,friv.com,0,0,1,0
914,p5w.net,0,0,0,0
915,hi5.com,0,0,1,0
916,nownews.com,0,1,0,0
917,sporx.com,0,0,1,0
918,avazutracking.net,0,0,0,1
919,gtmetrix.com,1,1,0,0
920,eluniversal.com.mx,0,0,0,0
921,lowes.com,0,0,0,1
922,businessweek.com,0,0,0,1
923,workercn.cn,0,0,0,0
924,tablica.pl,0,0,1,0
925,pagesjaunes.fr,0,0,0,0
926,myfitnesspal.com,0,0,1,0
927,gogetlinks.net,0,0,0,0
928,avast.com,0,0,0,0
929,fidelity.com,0,0,0,0
930,nowvideo.sx,0,0,0,0
931,earthlink.net,0,0,0,0
932,xbox.com,1,1,0,1
933,exblog.jp,0,0,0,1
934,brainyquote.com,1,1,0,1
935,csdn.net,0,0,0,0
936,aizhan.com,0,0,0,0
937,forobeta.com,0,0,0,1
938,dropboxusercontent.com,0,0,0,0
939,sky.com,0,0,0,0
940,ria.ru,0,0,0,1
941,delta-homes.com,0,0,0,1
942,yomiuri.co.jp,0,0,0,1
943,dafont.com,0,0,1,1
944,elegantthemes.com,0,0,0,0
945,panet.co.il,0,0,0,0
946,way2sms.com,0,0,0,0
947,instructables.com,0,0,1,0
948,okwave.jp,0,0,0,0
949,comcast.com,0,0,0,1
950,pinimg.com,0,0,0,0
951,icloud.com,0,0,0,0
952,zazzle.com,0,0,0,0
953,mbc.net,0,0,0,0
954,livedoor.biz,0,0,0,0
955,yourlust.com,0,0,1,0
956,cbsnews.com,0,0,0,0
957,almanar.com.lb,0,0,0,0
958,orf.at,0,0,0,1
959,pastebin.com,0,0,1,1
960,dealshark.com,0,0,0,1
961,google.lt,1,1,1,0
962,nike.com,0,0,0,0
963,trklnks.com,0,0,0,0
964,nationalgeographic.com,0,0,0,0
965,wmtransfer.com,0,0,0,0
966,asus.com,0,0,0,0
967,peyvandha.ir,0,0,0,0
968,video-one.com,0,0,0,0
969,picmonkey.com,0,0,1,1
970,nypost.com,0,0,0,0
971,firstpost.com,0,0,1,1
972,mangareader.net,0,0,0,0
973,idealo.de,0,0,0,1
974,pingdom.com,0,0,1,1
975,searchenginewatch.com,0,0,0,1
976,mixi.jp,0,0,1,1
977,adscale.de,0,0,0,1
978,windowsphone.com,0,0,0,1
979,pchome.com.tw,0,0,0,0
980,quickmeme.com,0,0,1,0
981,infolinks.com,0,0,1,1
982,lacaixa.es,0,0,0,1
983,ruten.com.tw,0,0,0,0
984,gazzetta.it,0,0,0,0
985,gittigidiyor.com,0,0,0,0
986,directadvert.ru,0,0,0,0
987,hindustantimes.com,0,0,0,0
988,xhamstercams.com,0,0,0,0
989,sahadan.com,0,0,1,0
990,prweb.com,0,0,0,0
991,junglee.com,0,0,0,1
992,ovh.com,0,0,0,1
993,slimspots.com,0,0,0,0
994,bitshare.com,0,0,0,0
995,alarabiya.net,0,0,0,0
996,aftonbladet.se,0,0,0,1
997,namecheap.com,0,0,0,1
998,excite.co.jp,0,0,0,1
999,4chan.org,0,0,0,1
1000,so-net.ne.jp,0,0,0,0
